"URL","ASIN","Title","Brand","Fulfillment","Category","BSR","Subcategory","Price","Price Trend (90 days) (%)","Monthly Sales","Sales Trend (90 days) (%)","Monthly Revenue","Review Count","Reviews Rating","Seller","Number of Active Sellers","Last Year Sales","Sales Year Over Year (%)","Size Tier","Width","Height","Length","Weight","Storage Fee (Jan - Sep)","Storage Fee (Oct - Dec)","Best Sales Period","Age (Month)","Number of Images","Variation Count","Sales to Reviews"
"https://amazon.com/dp/B0006GVJIU","B0006GVJIU","Roja [Import anglais]","N/A","FBM","Movies & TV",532791,"N/A",38.18,2,0,0,0,43,4,"Gagazet Media",3,"N/A","N/A","Small Standard-Size",5.4173228346457,0.58267716535433,7.0984251968504,0.1831718061674,"N/A","N/A","-",28,1,0,0
"https://amazon.com/dp/B08JF8B3LY","B08JF8B3LY","Gott, du kannst ein Arsch sein! BD","N/A","FBM","Movies & TV",559171,"N/A",14.43,5,0,0,0,345,4.5,"RAREWAVES-USA",5,"N/A","N/A","Small Standard-Size",5.3149606299213,6.7716535433071,0.39370078740157,0.1764,"N/A","N/A","-",24,8,0,0
"https://amazon.com/dp/5819906047",5819906047,"My Girlfriend is a Gumiho (Korean drama with English subtitles)","N/A","FBM","Movies & TV",327390,"N/A",59.99,"N/A",0,0,0,21,4.7,"Asian Media Market",5,"N/A","N/A","Small Standard-Size",5.4173228346457,0.58267716535433,7.0984251968504,0.18336592831012,"N/A","N/A","03/01/2021",62,1,0,0
"https://amazon.com/dp/B00AQ6FFUI","B00AQ6FFUI","Warner Manufacturing Adventures Brisco County JR-Complete Series (DVD/8 DISC/P&S)","Warner Manufacturing","FBM","Movies & TV",141197,"N/A",39.99,"N/A",1,-100,39.99,46,4.7,"West Coast Bookseller",1,5,-71,"Small Standard-Size",5.4173228346457,0.58267716535433,7.0984251968504,0.1833345458634,"N/A","N/A","07/01/2021",98,1,0,0.02
"https://amazon.com/dp/B00MP2FUL0","B00MP2FUL0","Ever After / Mirror Mirror / The Princess Bride","Princess","FBA","Movies & TV",110467,"N/A",14.93,1,2,0,29.86,34,4.6,"Media Brothers Unlimited",1,28,-77,"Small Standard-Size",5.3,0.5,7.5,0.4,7.936197916666667,27.604166666666668,"06/01/2021",87,2,0,0.06
"https://amazon.com/dp/B000JMKKLS","B000JMKKLS","Thomas and Friends: Trust Thomas [DVD]","STARZ/SPHE","FBA","Movies & TV",127498,"N/A",15.59,-6,1,-100,20.79,27,4.6,"EB-BOOKS LLC",1,29,-56,"Small Standard-Size",5.4,0.6,7.5,0.25,9.703125,33.75,"07/01/2021",144,1,0,0.04
"https://amazon.com/dp/B00NQKWA36","B00NQKWA36","Stripped to Kill","Scorpion Releasing","Amazon","Movies & TV",135585,"N/A",49.95,2,0,0,0,122,3.9,"Amazon",1,24,-23,"Small Standard-Size",5.4173228346457,0.58267716535433,7.0984251968504,0.1833345458634,"N/A","N/A","09/01/2021",100,1,0,0
"https://amazon.com/dp/B075V3PSWC","B075V3PSWC","Hundred: The Complete Series [Blu-ray]","Funimation","FBM","Movies & TV",123728,"N/A",99,"N/A",0,0,0,420,4.7,"ITTHAMON ShipmentMayTakeWeeksLongerDueToCOVID-19",1,3,-40,"Small Standard-Size",5.4330708661417,6.7322834645669,0.70866141732283,0.346185,"N/A","N/A","03/01/2021",66,1,0,0
"https://amazon.com/dp/B0007UDCT4","B0007UDCT4","Move Those Joints","Terra","FBM","Movies & TV",312519,"N/A",11.81,-18,0,0,0,13,3.4,"OxfordshireEngland",6,"N/A","N/A","Small Standard-Size",5.4173228346457,0.58267716535433,7.0984251968504,0.1831718061674,"N/A","N/A","03/01/2021",75,1,0,0
"https://amazon.com/dp/B0007XT7PY","B0007XT7PY","Seance [DVD]","N/A","FBM","Movies & TV",205980,"N/A",26.57,"N/A",0,0,0,25,3.9,"S. Boston Books",1,17,89,"Small Standard-Size",5.4173228346457,0.58267716535433,7.0984251968504,0.1831718061674,"N/A","N/A","11/01/2022",76,1,0,0
"https://amazon.com/dp/B001NLQW8E","B001NLQW8E","Readeez Volume One","The Readeez Company","FBM","Movies & TV",411474,"N/A",8.97,"N/A",0,0,0,5,4.7,"Brilliant Bay Booksellers",3,"N/A","N/A","Small Standard-Size",5.4,0.3,7.2,0.15,"N/A","N/A","03/01/2021",144,2,0,0
"https://amazon.com/dp/B008XH1NDU","B008XH1NDU","Halloween 1-5 Collection [DVD]","Anchor Bay Entertainment","FBM","Movies & TV",303176,"N/A",109.03,-1,0,0,0,134,4.3,"Gagazet Media",1,"N/A","N/A","Large Standard-Size",5.3543307086614,0.86614173228346,7.5590551181102,0.4409200237215,"N/A","N/A","05/01/2021",78,2,0,0
"https://amazon.com/dp/B00RU7W9FK","B00RU7W9FK","Goodnight, Darling","MHz Networks Corp.","FBM","Movies & TV",222560,"N/A",29.99,"N/A",0,0,0,13,4.4,"Mad_Music",1,"N/A","N/A","Small Standard-Size",5.4173228346457,0.58267716535433,7.0984251968504,0.1833345458634,"N/A","N/A","04/01/2021",92,1,0,0
"https://amazon.com/dp/B000MTOM80","B000MTOM80","Yu-Gi-Oh! GX - The King of Copycats v.3 [DVD]","Funimation","FBM","Movies & TV",230255,"N/A",14.99,-42,0,0,0,14,4.7,"Cards.of.Doom",1,1,-86,"Small Standard-Size",5.4173228346457,0.58267716535433,7.0984251968504,0.1831718061674,"N/A","N/A","03/01/2021",144,1,0,0
"https://amazon.com/dp/B00015HWUK","B00015HWUK","Sister Hazel - A Life in the Day","Rock Ridge Music","FBM","Movies & TV",143775,"American Alternative",19.98,"N/A",2,-125,39.96,45,4.8,"GSB co",1,13,30,"Small Standard-Size",5.4173228346457,7.0984251968504,0.58267716535433,0.1833678,"N/A","N/A","11/01/2022",144,1,0,0.04
"https://amazon.com/dp/B008GFI4YU","B008GFI4YU","The Lord of the Rings: The Return of the King (Extended Edition 5-Disc Set) [Blu-ray]","N/A","FBA","Movies & TV",179178,"N/A",48,"N/A",0,0,0,27690,4.9,"Ivan Troy",1,7,-36,"Small Standard-Size",5.3,0.7,6.7,0.35,9.925538194444442,34.5236111111111,"07/01/2021",129,1,0,0
"https://amazon.com/dp/B005P4KYE8","B005P4KYE8","Phantom der Oper-25th Anniversary [Import allemand]","N/A","FBM","Movies & TV",242524,"N/A",4.73,-36,0,0,0,9747,4.8,"momox Shop",1,"N/A","N/A","Small Standard-Size",5.3543307086614,0.62992125984252,7.5590551181102,0.18,"N/A","N/A","07/01/2021",92,9,0,0
"https://amazon.com/dp/B004XC5LT6","B004XC5LT6","Clone Returns Home, The","N/A","FBM","Movies & TV",180748,"N/A",84.95,24,2,0,169.9,5,3.7,"Rasputin Music & Movies",1,5,67,"Small Standard-Size",5.4173228346457,0.58267716535433,7.0984251968504,0.1831718061674,"N/A","N/A","10/01/2021",78,1,0,0.4
"https://amazon.com/dp/B00E8DG7UC","B00E8DG7UC","Morrissey-25 Live","Eagle Vision","FBM","Movies & TV",551867,"N/A",28.39,1,0,0,0,279,4.6,"Prestivo",3,"N/A","N/A","Small Standard-Size",5.4173228346457,0.58267716535433,7.0984251968504,0.1833345458634,"N/A","N/A","03/01/2021",59,2,0,0
"https://amazon.com/dp/B008XH1NKS","B008XH1NKS","The Harry Palmer Collection, The [DVD]","N/A","FBM","Movies & TV",470893,"N/A",192.99,3,0,0,0,38,3.9,"Gagazet Media",1,1,"N/A","Large Standard-Size",5.3543307086614,0.86614173228346,7.4803149606299,0.44,"N/A","N/A","05/01/2022",58,1,0,0
"https://amazon.com/dp/B079ZB1JSK","B079ZB1JSK","Sandra Bullock DVD Collection - The Blind Side & Hope Floats 2-Movie Bundle","N/A","FBA","Movies & TV",153060,"N/A",24.99,30,0,-136,0,15,4.6,"We Care Media",1,31,-44,"Small Standard-Size",5.4173228346457,7.0984251968504,0.58267716535433,0.183015,8.94705441641859,31.120189274499445,"11/01/2021",61,1,0,0
"https://amazon.com/dp/B002ZNJP1A","B002ZNJP1A","The Seasoned Traveler - Puerto Rico - As Seen on PBS","N/A","FBM","Movies & TV",526649,"N/A",19.95,"N/A",0,0,0,20,3.6,"great-journeys",1,"N/A","N/A","Small Standard-Size",5.4173228346457,0.58267716535433,7.0984251968504,0.1831718061674,"N/A","N/A","03/01/2021",144,1,0,0
"https://amazon.com/dp/B0049B2WE8","B0049B2WE8","Nude Male Photo Shoots On and Off the Beach","N/A","Amazon","Movies & TV",352490,"N/A",12.99,"N/A",0,0,0,2,3.5,"Amazon",1,"N/A","N/A","Small Standard-Size",5.5,0.5,7.5,0.22,"N/A","N/A","01/01/2022",60,1,0,0
"https://amazon.com/dp/B0002W11GI","B0002W11GI","Dom Joly: World Shut Your Mouth [DVD]","N/A","FBM","Movies & TV",455639,"N/A",49.97,1,0,0,0,19,4.8,"Gagazet Media",1,"N/A","N/A","Small Standard-Size",5.4173228346457,0.58267716535433,7.0984251968504,0.1831718061674,"N/A","N/A","12/01/2021",56,1,0,0
"https://amazon.com/dp/B0064EGRMQ","B0064EGRMQ","The New Body Guards Photo Shoot Shower","N/A","Amazon","Movies & TV",385752,"N/A",12.99,"N/A",0,0,0,2,3.1,"Amazon",1,"N/A","N/A","Small Standard-Size",5.3,0.6,7.5,0.15,"N/A","N/A","05/01/2021",62,1,0,0
"https://amazon.com/dp/B0012OTRRU","B0012OTRRU","Jane and the Dragon - Volume 1 [Import anglais]","N/A","FBM","Movies & TV",409303,"N/A",34.31,31,0,0,0,19,4.9,"Prestivo",1,"N/A","N/A","Small Standard-Size",5.4173228346457,0.58267716535433,7.0984251968504,0.1831718061674,"N/A","N/A","11/01/2021",56,1,0,0
"https://amazon.com/dp/B07S89XMKD","B07S89XMKD","River Monsters : Season 9","N/A","FBM","Movies & TV",223931,"N/A",17.56,-10,0,0,0,4,5,"OZeShopping",1,3,-77,"Small Standard-Size",5.2755905511811,7.4015748031496,0.62992125984252,0.2205,"N/A","N/A","07/01/2021",35,2,0,0
"https://amazon.com/dp/B0079ILHT4","B0079ILHT4","Sleeping Beauty / Belle de nuit (Bilingual) [DVD] (2012)","N/A","-","Movies & TV",305901,"N/A",35.89,"N/A",0,0,0,726,4,,1,8,"N/A","Small Standard-Size",5.4173228346457,7.0984251968504,0.58267716535433,0.1831718061674,"N/A","N/A","10/01/2022",25,2,0,0
"https://amazon.com/dp/B07F3MSCT8","B07F3MSCT8","Alien: 6-Film Collection (Alien / Aliens / Alien3 / Alien Resurrection / Prometheus / Alien: Covenant)","N/A","FBM","Movies & TV",555405,"N/A",29.1,4,0,0,0,"N/A","N/A","OZeShopping",1,"N/A","N/A","Small Standard-Size",5.4173228346457,7.0984251968504,0.58267716535433,0.183015,"N/A","N/A","-",50,1,0,"N/A"
"https://amazon.com/dp/B01CYDL79S","B01CYDL79S","Free Willy Collection | 4 Discs | NON-USA Format | PAL | Region 4 Import - Australia","N/A","FBM","Movies & TV",80110,"N/A",19.99,"N/A",0,0,0,"N/A","N/A","JADD ENTERTAINMENT",1,"N/A","N/A","Small Standard-Size",5.4330708661417,7.0866141732283,0.59055118110236,0.183015,"N/A","N/A","-",61,1,0,"N/A"
"https://amazon.com/dp/B0168YCF72","B0168YCF72","Marsianer - Rettet Mark Watney 3D","Twentieth Century Fox of Germany GmbH","FBM","Movies & TV",530743,"N/A",11.58,1,0,0,0,1588,4.7,"momox Shop",1,"N/A","N/A","Small Standard-Size",5.4173228346457,7.0984251968504,0.58267716535433,0.1833678,"N/A","N/A","11/01/2021",85,7,0,0
"https://amazon.com/dp/B008SAPC9S","B008SAPC9S","Pokemon Black and White Set 1","Viz Media","Amazon","Movies & TV",83377,"N/A",19.92,-5,6,-75,59.94,355,4.8,"Amazon",1,124,-56,"Small Standard-Size",7.4,0.5,5,0.022046001186075,"N/A","N/A","03/01/2021",128,1,0,0.02
"https://amazon.com/dp/B00CNIDIBA","B00CNIDIBA","Men in Black (Mastered in 4K) (Blu-ray + UltraViolet)","Thinkpichaidai","Amazon","Movies & TV",95499,"N/A",29.99,-37,2,0,59.98,13703,4.7,"Amazon",1,6,-70,"Small Standard-Size",5.4,0.5,6.7,0.022046001186075,"N/A","N/A","04/01/2021",119,1,0,0
"https://amazon.com/dp/B07XW5VD4K","B07XW5VD4K","Perfect Christmas Village [NTSC/0]","N/A","Amazon","Movies & TV",219482,"N/A",10.37,-1,0,-125,0,5,5,"Amazon",1,9,"N/A","Small Standard-Size",5.3937007874016,7.4409448818898,0.59055118110236,0.19845,"N/A","N/A","08/01/2021",25,1,0,0
"https://amazon.com/dp/B081SZSLBV","B081SZSLBV","Fruits Basket: Season 1 Part 1 | Anime | Region 4","N/A","FBM","Movies & TV",558925,"N/A",45.71,-15,0,0,0,1,5,"uniqueplace-usa",1,"N/A","N/A","Small Standard-Size",5.4330708661417,7.7952755905512,0.5511811023622,0.2205,"N/A","N/A","-",32,2,0,0
"https://amazon.com/dp/B002HMDOAW","B002HMDOAW","The Wizard of Oz (70th Anniversary Ultimate Collector's Edition)","Warner Manufacturing","FBM","Movies & TV",196225,"N/A",129.86,-4,1,-100,129.86,7847,4.8,"Mike's House of Collectibles",2,4,300,"Large Standard-Size",8.5,3.2,12.5,3.85,"N/A","N/A","03/01/2022",144,6,0,0
"https://amazon.com/dp/B007NMJQ7Q","B007NMJQ7Q","Victor Du-ville 1st Nude Photo Shoot","N/A","-","Movies & TV",345324,"N/A",12.99,"N/A",0,0,0,1,3,,1,1,"N/A","Small Standard-Size",5.5,0.5,7.5,0.22,"N/A","N/A","07/01/2022",85,1,0,0
"https://amazon.com/dp/B002DLB18E","B002DLB18E","Unsolved Mysteries Vol. 1: Bizarre Murders [DVD]","FIRST LOOK HOME ENTERTAINMENT","FBM","Movies & TV",191599,"N/A",69.98,452,0,-67,0,50,4.2,"Mark's Retirement Fund",1,5,-17,"Small Standard-Size",5.4,0.4,7.4,0.25,"N/A","N/A","06/01/2021",140,1,0,0
"https://amazon.com/dp/B000LC4Z94","B000LC4Z94","The Wiggles: Racing to the Rainbow [DVD]","Universal Studios Home Entertainment","FBA","Movies & TV",71441,"N/A",25.32,"N/A",0,0,0,91,4.5,"RapidPrimePros",1,39,-24,"Small Standard-Size",5.4173228346457,0.58267716535433,7.0984251968504,0.1831718061674,8.94705441641859,31.120189274499445,"03/01/2021",98,1,0,0
"https://amazon.com/dp/B000WEZW2A","B000WEZW2A","Grey's Anatomy: Series 3 [Region 2]","N/A","FBM","Movies & TV",347023,"N/A",34.99,"N/A",0,0,0,3032,4.8,"rare_cinema",1,"N/A","N/A","Large Standard-Size",5.3543307086614,1.0236220472441,7.4803149606299,0.48501202609365,"N/A","N/A","03/01/2021",79,2,0,0
"https://amazon.com/dp/B00005LDZZ","B00005LDZZ","Little Girl Lost","N/A","FBM","Movies & TV",333821,"N/A",30.31,1,0,0,0,48,4,"Gagazet Media",1,3,50,"Small Standard-Size",5.4173228346457,0.58267716535433,7.0984251968504,0.1831718061674,"N/A","N/A","03/01/2021",142,2,0,0
"https://amazon.com/dp/B0002VKRFU","B0002VKRFU","Felix the Cat, Vol. 1","N/A","FBM","Movies & TV",330559,"N/A",22.99,85,0,0,0,5,3.5,"gasparsales2",1,"N/A","N/A","Small Standard-Size",5.4173228346457,0.58267716535433,7.0984251968504,0.1831718061674,"N/A","N/A","09/01/2021",72,1,0,0
"https://amazon.com/dp/B0030Y11NI","B0030Y11NI","Vampyres [Blu-ray]","KOCH ENT.","FBA","Movies & TV",117878,"N/A",22.1,"N/A",0,0,0,192,4.3,"HARVEST MOUSE, LLC",1,23,-87,"Small Standard-Size",6.7,0.5,5.3,0.2,7.089670138888887,24.659722222222218,"05/01/2021",144,2,0,0
"https://amazon.com/dp/B000PUB2B6","B000PUB2B6","Birthday Concert for Pope Benedict XVI [DVD Video]","DUDAMEL,G./HAHN,H./RSOS","FBM","Movies & TV",149018,"Concertos",18.52,818,2,50,0,55,4.7,"Prestivo",1,13,-35,"Small Standard-Size",5.4,0.6,7.5,0.25,"N/A","N/A","08/01/2021",144,1,0,0.04
"https://amazon.com/dp/B000A2UC2E","B000A2UC2E","Satan's Little Helper [DVD]","Gaiam","FBM","Movies & TV",116201,"N/A",41,-29,3,0,123,284,4.3,"Rasputin Music & Movies",2,41,-7,"Small Standard-Size",5.4173228346457,0.7,7.7,0.2,"N/A","N/A","10/01/2021",144,1,0,0.01
"https://amazon.com/dp/B00004W22H","B00004W22H","The Avengers '63, Set 1 [DVD]","A&E Home Video","FBM","Movies & TV",65104,"N/A",79.98,-2,3,50,239.94,25,4.3,"Rasputin Music & Movies",2,20,5,"Large Standard-Size",5.4,1.4,7.6,0.45,"N/A","N/A","02/01/2022",66,1,0,0.12
"https://amazon.com/dp/B0052ADPAU","B0052ADPAU","Zalman King's Red Shoe Diaries: The Movie","N/A","FBM","Movies & TV",131305,"N/A",25.9,-2,0,-100,0,312,4.2,"Steven's Kaleidoscope",1,10,-76,"Small Standard-Size",5.3,0.6,7.5,0.2,"N/A","N/A","03/01/2021",142,1,0,0
"https://amazon.com/dp/B000LPR69M","B000LPR69M","Pure '80s DVD: Video Idols","Universal Music","FBA","Movies & TV",56173,"N/A",95,105,3,0,285,140,4.5,"DiscountBooks4u",1,36,-78,"Small Standard-Size",5.4173228346457,7.0984251968504,0.58267716535433,0.1833678,8.94705441641859,31.120189274499445,"08/01/2021",141,2,0,0.02
"https://amazon.com/dp/B00FM4S68W","B00FM4S68W","Die Monster Die [Blu-ray]","SHOUT! FACTORY","FBA","Movies & TV",131997,"N/A",39.99,51,0,-50,0,142,4.3,"Collectiblecounty",1,29,7,"Small Standard-Size",5.3,0.5,6.7,0.15,7.089670138888887,24.659722222222218,"08/01/2022",114,2,0,0
"https://amazon.com/dp/B00KE3B6LU","B00KE3B6LU","Tie Me Up! Tie Me Down! (Blu-ray + DVD)","CRITERION COLLECTIONS","FBM","Movies & TV",102653,"N/A",249.99,21,1,0,249.99,362,4.3,"twilight cinema",1,18,-88,"Small Standard-Size",5.4173228346457,0.58267716535433,7.0984251968504,0.1833345458634,"N/A","N/A","06/01/2021",74,3,0,0
"https://amazon.com/dp/B000TV1SUG","B000TV1SUG","The Charlie Daniels Band: Volunteer Jam","Daniels, Charlie","FBA","Movies & TV",93302,"N/A",11.99,-1,3,0,35.97,91,4.6,"Stephs Closet",1,117,-18,"Small Standard-Size",5.4173228346457,0.58267716535433,7.0984251968504,0.1831718061674,8.94705441641859,31.120189274499445,"08/01/2021",144,1,0,0.03
"https://amazon.com/dp/B0049W1BSK","B0049W1BSK","Bill Nye the Science Guy: Electrical Current","Disney Educational","FBM","Movies & TV",181834,"N/A",16.76,-21,0,-100,0,17,4.6,"SharehouseGoods",1,12,140,"Small Standard-Size",5.4173228346457,7.0984251968504,0.58267716535433,0.1833678,"N/A","N/A","03/01/2022",77,2,0,0
"https://amazon.com/dp/B004GSHN84","B004GSHN84","How It's Made Seasons 1&2","N/A","FBM","Movies & TV",117546,"N/A",219.99,"N/A",1,0,219.99,50,4.5,"ACHILLES' REEL",1,11,-39,"Small Standard-Size",5.3,7.4,0.6,0.249165,"N/A","N/A","11/01/2022",144,2,0,0.02
"https://amazon.com/dp/B01IGFGG2G","B01IGFGG2G","Hunt for the Wilderpeople","Orchard","Amazon","Movies & TV",55826,"N/A",35,2,5,40,175,5148,4.7,"Amazon",1,355,-20,"Small Standard-Size",5.2755905511811,7.4803149606299,0.47244094488189,0.1764,"N/A","N/A","06/01/2022",80,4,0,0
"https://amazon.com/dp/B0001NBI6Q","B0001NBI6Q","Samson & Delilah [DVD]","Legacy Entertainment","FBM","Movies & TV",228906,"N/A",15,45,0,-100,0,55,4,"_low_prices",3,6,50,"Small Standard-Size",5.4173228346457,0.58267716535433,7.0984251968504,0.1831718061674,"N/A","N/A","08/01/2022",143,1,0,0
"https://amazon.com/dp/B09XJ886MV","B09XJ886MV","Nature & Science Blu-ray 3D + Blu-ray Collection: Gravity / Our Universe / IMAX: Born to be Wild / IMAX To the Arctic / Walking with Dinosaurs / Amazing Africa / Ocean Predators / Dolphins and Whales / Sharks / Amazing Ocean [Spanish Artwork]","Generic","FBA","Movies & TV",39222,"N/A",69.99,"N/A",29,90,2029.71,8,3.8,"TheBuyz",1,"N/A","N/A","Large Standard-Size",5.59,6.93,5.2,1.68021,80.43660624999998,279.7795,"07/01/2022",11,1,0,4.14
"https://amazon.com/dp/B00009KU9W","B00009KU9W","American Pie & Beneath the Crust: Volume 1","Universal Studios Home Entertainment","FBM","Movies & TV",548396,"N/A",12.48,"N/A",0,0,0,4888,4.6,"Broadband ERA",1,"N/A","N/A","Large Standard-Size",5.4015748031496,1.2007874015748,7.5,0.44960352422907,"N/A","N/A","03/01/2021",142,2,0,0
"https://amazon.com/dp/B00006JMQY","B00006JMQY","Magical Project S - Pixy Misa Finale (Vol. 2) [DVD]","Geneon [Pioneer]","FBA","Movies & TV",177060,"N/A",11.99,-25,2,0,23.98,11,4.8,"AMA INC",1,5,-55,"Small Standard-Size",5.4173228346457,0.58267716535433,7.0984251968504,0.1831718061674,8.94705441641859,31.120189274499445,"07/01/2021",93,1,0,0.18
"https://amazon.com/dp/B00006CY4G","B00006CY4G","The Complete Daimajin (Daimajin/Wrath of Daimajin/Return of Daimajin) [DVD]","A.D. Vision","FBA","Movies & TV",46365,"N/A",123.96,89,0,-25,0,44,4.1,"ACHILLES' REEL",1,10,-60,"Small Standard-Size",5.4173228346457,0.58267716535433,7.0984251968504,0.1831718061674,8.94705441641859,31.120189274499445,"05/01/2021",144,1,0,0
"https://amazon.com/dp/B00AGKH44E","B00AGKH44E","Federal Agents Vs. Underworld, Inc.","N/A","FBM","Movies & TV",185391,"N/A",12.59,"N/A",0,0,0,31,4.3,"missmarybooks",1,1,-94,"Small Standard-Size",5.4173228346457,0.58267716535433,7.0984251968504,0.1833345458634,"N/A","N/A","03/01/2021",114,1,0,0
"https://amazon.com/dp/B00000JKZB","B00000JKZB","The Blood Oranges [DVD]","LIONSGATE","FBM","Movies & TV",32468,"N/A",25.65,-64,0,-100,0,235,2.8,"Deep_Discount_Entertainment",1,4,-86,"Small Standard-Size",5.0984251968504,0.59842519685039,7.4015748031496,0.44960352422907,"N/A","N/A","02/01/2022",144,1,0,0
"https://amazon.com/dp/B001GIC5BW","B001GIC5BW","Dolch Sight Words, Part 2","N/A","FBM","Movies & TV",377561,"N/A",44.99,"N/A",0,0,0,2,4.5,"Service First Media",1,"N/A","N/A","Small Standard-Size",5.4173228346457,7.0984251968504,0.58267716535433,0.1833678,"N/A","N/A","03/01/2021",144,1,0,0
"https://amazon.com/dp/B0007Z9QU8","B0007Z9QU8","Under the Moonlight","FACETS VIDEO","FBM","Movies & TV",348319,"N/A",28.96,"N/A",0,0,0,2,3.5,"buymycollectibles",1,"N/A","N/A","Small Standard-Size",5.4173228346457,0.58267716535433,7.0984251968504,0.05,"N/A","N/A","12/01/2022",144,1,0,0
"https://amazon.com/dp/B00ASVX1BQ","B00ASVX1BQ","Act 1 [Blu-ray]","DVD","FBM","Movies & TV",293827,"N/A",19.56,10,0,0,0,223,4.5,"RAREWAVES-IMPORTS",2,"N/A","N/A","Small Standard-Size",5.4,0.4,6.7,0.022046001186075,"N/A","N/A","06/01/2021",108,1,0,0
"https://amazon.com/dp/B0016QNSC4","B0016QNSC4","I Love New York: Season 2","STARZ/SPHE","FBM","Movies & TV",215511,"N/A",132.95,"N/A",0,0,0,164,4.6,"EVG Diversified",1,5,0,"Large Standard-Size",7.6,0.9,5.4,0.7,"N/A","N/A","03/01/2021",109,1,0,0
"https://amazon.com/dp/B00B8YXZ7W","B00B8YXZ7W","Finger of God: Deluxe Edition","WP Films","FBM","Movies & TV",184503,"N/A",29.99,"N/A",0,0,0,595,4.7,"PAG Market",1,4,-20,"Small Standard-Size",7.5,0.6,5.3,0.4,"N/A","N/A","03/01/2022",88,1,0,0
"https://amazon.com/dp/6304705573",6304705573,"Immortal Combat","Simitar Ent.","FBM","Movies & TV",215739,"N/A",44,-8,0,0,0,15,4.1,"HSDBooks",1,3,-67,"Small Standard-Size",5.4173228346457,0.58267716535433,7.0984251968504,0.1831718061674,"N/A","N/A","05/01/2021",142,1,0,0
"https://amazon.com/dp/B00B2Y7AL0","B00B2Y7AL0","Leslie Sansone Just Walk, 3 Mega Miles","Anchor Bay Entertainment","FBM","Movies & TV",115102,"N/A",25.5,-21,4,0,102,302,4.6,"DVD CLOSEOUTS LLC",1,8,300,"Large Standard-Size",7.8,1.6,5.6,0.85,"N/A","N/A","03/01/2023",110,2,0,0.01
"https://amazon.com/dp/B0000AGQ1U","B0000AGQ1U","Arthur's Teacher Trouble plus Arthur's Spelling Trubble [DVD]","Sony Wonder (Video)","FBM","Movies & TV",188068,"N/A",23,-18,0,-121,0,16,4.1,"Read Head Media",3,12,-29,"Small Standard-Size",5.0984251968504,0.40157480314961,7.2992125984252,0.24977973568282,"N/A","N/A","12/01/2022",144,1,0,0
"https://amazon.com/dp/B0001IXSVY","B0001IXSVY","The Martial Temple Collection: Shaolin Strikes Back/Shaolin: The Blood Mission [DVD]","FIRST LOOK HOME ENTERTAINMENT","FBM","Movies & TV",378014,"N/A",6.99,"N/A",0,0,0,3,2.6,"wholesale direct outlet",1,"N/A","N/A","Small Standard-Size",5.4173228346457,0.58267716535433,7.0984251968504,0.1831718061674,"N/A","N/A","05/01/2021",141,1,0,0
"https://amazon.com/dp/B00005LOLO","B00005LOLO","Deadful Melody","Tai Seng Video","FBA","Movies & TV",229130,"N/A",14.99,"N/A",0,0,0,29,3.9,"E-Finds LLC",1,1,-94,"Small Standard-Size",5.0984251968504,0.59842519685039,7.5,0.19982378854626,9.137187545208377,31.781521896376965,"08/01/2021",144,2,0,0
"https://amazon.com/dp/B000051SGZ","B000051SGZ","The Lone Ranger (Special Edition) [DVD]","Vci Video","FBM","Movies & TV",207428,"N/A",49.99,250,0,0,0,459,4.6,"Go_Peachy",1,4,-33,"Large Standard-Size",5.0984251968504,0.90157480314961,7.5984251968504,0.34969162995595,"N/A","N/A","08/01/2021",107,1,0,0
"https://amazon.com/dp/B08HTDW1JQ","B08HTDW1JQ","Bloody Nose, Empty Pockets [Blu-ray]","N/A","Amazon","Movies & TV",65881,"N/A",29.98,"N/A",3,0,89.94,188,4.1,"Amazon",2,14,-71,"Small Standard-Size",5.3,6.7,0.5,0.14994,"N/A","N/A","04/01/2021",31,4,0,0.02
"https://amazon.com/dp/B071Z7C6P2","B071Z7C6P2","Family Triple Collection (Khumba, Jungle Safari, The Great Bear) [DVD]","N/A","FBM","Movies & TV",217878,"N/A",16.57,-3,2,0,33.14,7,3.4,"mymediaworld",1,1,-83,"Small Standard-Size",5.4173228346457,7.0984251968504,0.58267716535433,0.183015,"N/A","N/A","11/01/2021",50,1,0,0.29
"https://amazon.com/dp/B098WQ1SKB","B098WQ1SKB","Dolphin Island","N/A","FBA","Movies & TV",142521,"N/A",19.99,"N/A",1,,19.99,137,4.1,"Entertainment Squad",1,"N/A","N/A","Small Standard-Size",5.3937007874016,7.4803149606299,0.66929133858268,0.196245,10.782694287938945,37.505023610222416,"03/01/2023",639,9,0,0.01
"https://amazon.com/dp/B00BCMT0AQ","B00BCMT0AQ","Beware of Mr. Baker","CINEDIGM","FBM","Movies & TV",127170,"N/A",24.95,-68,0,-133,0,492,4.2,"C.S. Book",1,23,35,"Small Standard-Size",7.5,0.6,5.3,0.1,"N/A","N/A","09/01/2021",98,1,0,0
"https://amazon.com/dp/B01H2VVKF8","B01H2VVKF8","Stick Man DVD","PBS Home Video","FBA","Movies & TV",72239,"N/A",18.31,"N/A",0,-25,0,2268,4.8,"muboutletstore",1,263,11,"Small Standard-Size",5.1181102362205,7.4015748031496,0.70866141732283,0.200655,10.719583447040888,37.285507641881345,"10/01/2022",77,1,0,0
"https://amazon.com/dp/B00014NF3E","B00014NF3E","Eunuch of the Western Palace [DVD]","N/A","FBM","Movies & TV",383430,"N/A",45,"N/A",0,0,0,11,4,"Griffin Books CT",1,"N/A","N/A","Small Standard-Size",5.4015748031496,0.59842519685039,7.2992125984252,0.19982378854626,"N/A","N/A","03/01/2021",144,1,0,0
"https://amazon.com/dp/B00M0JTWNA","B00M0JTWNA","8 Film Action: Crime Collection","Millennium","FBM","Movies & TV",425669,"N/A",10.9,"N/A",0,0,0,3,5,"Margarita's Video Store L.L.C.",1,"N/A","N/A","Small Standard-Size",5.4173228346457,7.0984251968504,0.58267716535433,0.183015,"N/A","N/A","03/01/2021",65,2,0,0
"https://amazon.com/dp/B0052QE3SM","B0052QE3SM","Nokas [Region 2]","N/A","FBM","Movies & TV",506174,"N/A",32.98,"N/A",0,0,0,3,4,"DaaVeeDee",1,"N/A","N/A","Small Standard-Size",5.3149606299213,0.5511811023622,7.4803149606299,0.20264317180617,"N/A","N/A","01/01/2022",58,1,0,0
"https://amazon.com/dp/B0000BZTF2","B0000BZTF2","Cindy Crawford - The Next Challenge(German)","N/A","FBM","Movies & TV",28869,"N/A",21.16,17,1,0,91.14,86,4.3,"Prestivo",2,"N/A","N/A","Small Standard-Size",5.3937007874016,0.66929133858268,7.6377952755906,0.22907488986784,"N/A","N/A","02/01/2023",639,1,0,0.01
"https://amazon.com/dp/B082PQ33BN","B082PQ33BN","the MRG Collective Sci-fi Fantasy Volume 3","N/A","Amazon","Movies & TV",478820,"N/A",15.43,-25,0,0,0,"N/A","N/A","Amazon",5,"N/A","N/A","Small Standard-Size",5.5,0.5,7.5,0.22,"N/A","N/A","-",639,1,0,"N/A"
"https://amazon.com/dp/B077H7CG9S","B077H7CG9S","Monster Musume: Complete Collection [Blu-ray]","N/A","FBM","Movies & TV",273469,"N/A",107.99,3,0,0,0,157,4.6,"Gagazet Media",1,"N/A","N/A","Small Standard-Size",5.3543307086614,6.7322834645669,0.66929133858268,0.2646,"N/A","N/A","01/01/2022",60,2,0,0
"https://amazon.com/dp/B0006UEVGS","B0006UEVGS","Children Will Listen","PBS","FBM","Movies & TV",394522,"N/A",61.22,"N/A",0,0,0,3,4.8,"ZBK Group",2,"N/A","N/A","Small Standard-Size",5.4173228346457,0.58267716535433,7.0984251968504,0.1831718061674,"N/A","N/A","03/01/2021",144,1,0,0
"https://amazon.com/dp/B07CLLBWH5","B07CLLBWH5","Detectorists Series 1, 2 & 3 | Plus Christmas Special | NON-USA Format | PAL | Region 4 Import - Australia","N/A","FBM","Movies & TV",336492,"N/A",38.67,-6,0,0,0,1470,4.7,"OZeShopping",1,"N/A","N/A","Small Standard-Size",5.4173228346457,7.0984251968504,0.58267716535433,0.183015,"N/A","N/A","03/01/2021",57,1,0,0
"https://amazon.com/dp/B07J35G3L1","B07J35G3L1","Sgt. Stubby: An American Hero (Blu-ray + Digital)","N/A","FBM","Movies & TV",109284,"N/A",25,"N/A",4,0,100,3808,4.8,"entertainmenthq",1,5,-91,"Small Standard-Size",5.4,6.7,0.6,0.14994,"N/A","N/A","04/01/2021",53,1,0,0
"https://amazon.com/dp/B07D24KJ7B","B07D24KJ7B","All Creampies # 2","Fornic8 Films","FBM","Movies & TV",265694,"N/A",35.99,"N/A",0,-150,0,1,1,"Catfish Media",1,2,100,"N/A","N/A","N/A","N/A","N/A","N/A","N/A","03/01/2021",51,2,0,0
"https://amazon.com/dp/B000JMK964","B000JMK964","Crazy Love ( L'Amour est un chien de l'enfer ) [DVD]","N/A","FBM","Movies & TV",432258,"N/A",33.98,"N/A",0,0,0,21,4.3,"DaaVeeDee",1,1,-50,"Small Standard-Size",5.4173228346457,0.58267716535433,7.0984251968504,0.1831718061674,"N/A","N/A","10/01/2021",59,1,0,0
"https://amazon.com/dp/B002I7A8I2","B002I7A8I2","Smoke Jumper","Capitol Christian Distribution","FBM","Movies & TV",226706,"N/A",34.99,"N/A",0,0,0,88,4.4,"Eruppd",1,6,-60,"Small Standard-Size",5.4173228346457,0.58267716535433,7.0984251968504,0.1833345458634,"N/A","N/A","04/01/2021",72,1,0,0
"https://amazon.com/dp/B000KF0DE8","B000KF0DE8","Loonatics Unleashed - The Complete First Season","LOONATICS","FBA","Movies & TV",91343,"N/A",74.45,148,3,0,223.35,156,4.5,"Outlet Promotions",1,36,0,"Small Standard-Size",5.4173228346457,0.58267716535433,7.0984251968504,0.1831718061674,8.94705441641859,31.120189274499445,"10/01/2022",144,2,0,0.02
"https://amazon.com/dp/B005Y1B3LU","B005Y1B3LU","Day of the Dead 3D [Blu-ray] [3D Blu-ray]","N/A","FBM","Movies & TV",140193,"N/A",33.24,"N/A",2,0,66.48,30,3.5,"Go_Peachy",1,8,0,"Small Standard-Size",5.3543307086614,0.5511811023622,6.6929133858268,0.18,"N/A","N/A","06/01/2022",134,1,0,0.07
"https://amazon.com/dp/B0001XAM9U","B0001XAM9U","Educational Archives: Limited Edition Lunchbox (4 DVD Box Set)","Music Video Dist","FBA","Movies & TV",157159,"N/A",34.99,36,1,100,34.99,18,4.3,"Great-Buys!",1,6,-45,"Large Standard-Size",6.5,3.9,8.6,1.8,87.05260416666665,302.79166666666663,"06/01/2021",140,1,0,0.06
"https://amazon.com/dp/B000FI9OEU","B000FI9OEU","Hong Kong Phooey - The Complete Series","HONG KONG PHOOEY","FBM","Movies & TV",113344,"N/A",35.99,-11,5,0,179.95,1723,4.8,"Booksabillions",1,30,-3,"Small Standard-Size",5.5,0.6,7.4,0.25,"N/A","N/A","04/01/2021",144,2,0,0
"https://amazon.com/dp/B000GCG6AU","B000GCG6AU","Alice Cooper - The Nightmare Returns Tour (1986)","Universal Music","FBM","Movies & TV",83014,"N/A",21.5,32,0,0,0,187,4.7,"It's Show Time",1,12,-82,"Small Standard-Size",5.2992125984252,0.59842519685039,7.5,0.19982378854626,"N/A","N/A","03/01/2021",144,2,0,0
"https://amazon.com/dp/B0776K6RLX","B0776K6RLX","Love Beats Rhymes","Lionsgate","Amazon","Movies & TV",135463,"N/A",23.41,-3,1,200,14.66,84,4.2,"Amazon",1,15,-72,"Small Standard-Size",5.3149606299213,7.4409448818898,0.39370078740157,0.13671,"N/A","N/A","08/01/2021",64,1,0,0.01
"https://amazon.com/dp/B01N7ANSF3","B01N7ANSF3","Naughty Bookworms Vol. 9 (Rachel Roxxx ** Naughty America)","N/A","-","Movies & TV",278082,"N/A",49.99,"N/A",0,0,0,"N/A","N/A",,1,"N/A","N/A","N/A","N/A","N/A","N/A","N/A","N/A","N/A","-",639,1,0,"N/A"
"https://amazon.com/dp/B000RW5C2W","B000RW5C2W","She (Deluxe Two Disc Edition)","N/A","FBM","Movies & TV",141286,"N/A",49.95,-2,4,0,199.8,243,4.1,"Hangtown Books",1,9,-65,"Small Standard-Size",5.4173228346457,0.58267716535433,7.0984251968504,0.1831718061674,"N/A","N/A","06/01/2021",143,1,0,0.02
"https://amazon.com/dp/B010MJAFNA","B010MJAFNA","Tut [Blu-ray]","PARAMOUNT - UNI DIST CORP","FBM","Movies & TV",121348,"N/A",27.91,9,0,0,0,1811,4.5,"i-Deals Store",2,47,-43,"Small Standard-Size",5.3,0.5,6.7,0.022049774929067,"N/A","N/A","08/01/2021",92,1,0,0
"https://amazon.com/dp/B01LVW5VBM","B01LVW5VBM","The Angry Birds Movie (Blu-ray + DVD + Digital HD + Plush Doll)","SONY PICTURES","FBM","Movies & TV",337586,"N/A",45,"N/A",0,0,0,12150,4.6,"disneyday2008",1,"N/A","N/A","Small Standard-Size",5.4173228346457,7.0984251968504,0.58267716535433,0.183015,"N/A","N/A","-",64,4,0,0
"https://amazon.com/dp/B0007ZSH0I","B0007ZSH0I","Pro-Pain: Raw Video [DVD]","Candlelight","-","Movies & TV",444769,"Alternative Metal",19.99,"N/A",0,0,0,6,3.6,,1,1,"N/A","Small Standard-Size",5.4173228346457,0.58267716535433,7.0984251968504,0.1831718061674,"N/A","N/A","11/01/2022",141,1,0,0
"https://amazon.com/dp/B002Q9VP48","B002Q9VP48","Scoop [Blu-ray]","ICON","-","Movies & TV",470903,"N/A",129.99,"N/A",0,0,0,680,4.1,,1,"N/A","N/A","Small Standard-Size",5.2755905511811,0.5511811023622,6.6929133858268,0.09,"N/A","N/A","-",103,1,0,0
"https://amazon.com/dp/B07X4C2DX6","B07X4C2DX6","On The Twelfth Day Of Christmas / My Santa [NTSC/0]","N/A","FBM","Movies & TV",125194,"N/A",16.99,-18,0,-134,0,111,3.6,"i-Deals Store",1,123,50,"Small Standard-Size",5.3937007874016,7.5590551181102,0.5511811023622,0.19845,"N/A","N/A","11/01/2022",25,1,0,0
"https://amazon.com/dp/B01I065O9W","B01I065O9W","Ramona and Beezus [DVD] [2010] [Region 1] [US Import] [NTSC]","N/A","FBM","Movies & TV",399390,"N/A",18.82,-1,0,0,0,46,4.4,"BOOKS-FOR-EVERYBODY",1,"N/A","N/A","N/A","N/A","N/A","N/A","N/A","N/A","N/A","-",66,1,0,0
"https://amazon.com/dp/B0973D15GZ","B0973D15GZ","Royal Pains: The Complete Third Season DVD Collection (Season 3, Part 1 / Season 3, Part 2)","N/A","FBM","Movies & TV",215793,"N/A",15,-27,0,-125,0,3,5,"allenhouse99",1,10,"N/A","Large Standard-Size",5.3937007874016,7.6771653543307,1.0629921259843,0.4851,"N/A","N/A","07/01/2021",21,1,0,0
"https://amazon.com/dp/B0142W835A","B0142W835A","Taken 2 [Blu-ray]","N/A","Amazon","Movies & TV",489843,"N/A",24.99,"N/A",0,0,0,16574,4.7,"Amazon",1,"N/A","N/A","N/A","N/A","N/A","N/A","N/A","N/A","N/A","-",16,1,0,0
"https://amazon.com/dp/B09CP5FVWZ","B09CP5FVWZ","King Kong Triple Feature The Original 1933 The Remake 1976 & Peter Jackson's King Kong 2005 3 DVD Set Includes Bonus Glossy Kong Art Card","Generic","FBA","Movies & TV",99306,"N/A",39.99,1,2,0,79.98,5,4.5,"Cool_Collectibles & Entertainment",1,19,"N/A","Large Standard-Size",6.26,7.8,1.85,0.441,36.06998958333333,125.46083333333333,"09/01/2021",20,9,0,0.4
"https://amazon.com/dp/B00BXWIM9K","B00BXWIM9K","Fix My Hog: Touring Bolt-On Performance","N/A","FBM","Movies & TV",553263,"N/A",25,"N/A",0,0,0,"N/A","N/A","Freeman Books & More, LLC",1,"N/A","N/A","N/A","N/A","N/A","N/A","N/A","N/A","N/A","05/01/2021",49,2,0,"N/A"
"https://amazon.com/dp/B007DMOHCK","B007DMOHCK","Yngwie Malmsteen Live","N/A","-","Movies & TV",448961,"N/A",26.72,"N/A",0,0,0,3,4,,1,1,"N/A","Small Standard-Size",5.4173228346457,0.58267716535433,7.0984251968504,0.18,"N/A","N/A","06/01/2022",64,2,0,0
"https://amazon.com/dp/B0012IM8EA","B0012IM8EA","Early Years Live","Music Video Dist","FBM","Movies & TV",269805,"American Alternative",21.91,-4,0,0,0,10,4.5,"Amazon Global Store UK",1,1,"N/A","Small Standard-Size",5.4173228346457,0.58267716535433,7.0984251968504,0.1831718061674,"N/A","N/A","10/01/2022",113,2,0,0
"https://amazon.com/dp/B078NHTJS4","B078NHTJS4","The Exorcist's Meter 2017 - TVB TV Series - Cantonese & Mandarin Audio - English Subtitle","N/A","FBM","Movies & TV",517944,"N/A",79.95,"N/A",0,0,0,2,5,"Kona & More",1,"N/A","N/A","N/A","N/A","N/A","N/A","N/A","N/A","N/A","03/01/2021",63,2,0,0
"https://amazon.com/dp/B00HAQGPVA","B00HAQGPVA","Misfits: Series - Season 1 - 2 - 3 - 4 - 5 Box Set [Blu-ray]","N/A","FBM","Movies & TV",57431,"N/A",66.79,"N/A",1,50,66.79,409,4.6,"Price Clock",1,9,-18,"Large Standard-Size",5.4,6.9,3,1.19952,"N/A","N/A","11/01/2022",87,1,0,0
"https://amazon.com/dp/B00007MCGW","B00007MCGW","Lili Marleen","N/A","FBM","Movies & TV",374610,"N/A",10.84,76,0,0,0,88,4.4,"momox Shop",1,2,"N/A","Small Standard-Size",5.2755905511811,0.31496062992126,7.3228346456693,0.1763680094886,"N/A","N/A","11/01/2022",62,1,0,0
"https://amazon.com/dp/B000077VQP","B000077VQP","Disappearance","N/A","FBM","Movies & TV",140280,"N/A",18.84,25,4,0,75.36,58,4.1,"youfoundit77",1,20,-20,"Small Standard-Size",5.3543307086614,0.5511811023622,7.4803149606299,0.2645520142329,"N/A","N/A","02/01/2023",142,1,0,0.07
"https://amazon.com/dp/B004HHX9S2","B004HHX9S2","Factory Girl [Blu-ray + DVD Combo] (Blu-ray) (Bilingual)","iNetVideo","FBA","Movies & TV",53878,"Teaching Materials",39.95,"N/A",0,-100,0,802,4.5,"QuickShippedGoods",1,2,0,"Small Standard-Size",5.4173228346457,0.58267716535433,7.0984251968504,0.1831718061674,8.94705441641859,31.120189274499445,"06/01/2021",91,1,0,0
"https://amazon.com/dp/B009INAKFA","B009INAKFA","Bro [DVD]","Lionsgate","FBM","Movies & TV",205062,"N/A",12.95,"N/A",0,-150,0,106,4.2,"ThisThatnThat",1,4,-56,"Small Standard-Size",5.3,0.6,7.5,0.2,"N/A","N/A","06/01/2021",115,1,0,0
"https://amazon.com/dp/B0038M1AWY","B0038M1AWY","The Wolfman (2010) - Extended Cut [Blu-ray] [Region Free]","Universal Pictures","FBM","Movies & TV",245079,"N/A",22,"N/A",0,0,0,5449,4.5,"Amazon Global Store UK",1,6,500,"Small Standard-Size",5.3543307086614,0.70866141732283,6.5354330708661,0.22,"N/A","N/A","09/01/2022",115,1,0,0
"https://amazon.com/dp/B01I0633B8","B01I0633B8","Perfect Strangers: Complete First & Second Seasons [DVD] [Region 1] [US Import] [NTSC]","N/A","FBM","Movies & TV",209925,"N/A",129.99,-1,2,0,259.98,705,4.8,"rare_cinema",1,3,-25,"N/A","N/A","N/A","N/A","N/A","N/A","N/A","10/01/2021",57,1,0,0
"https://amazon.com/dp/B07G4F53FS","B07G4F53FS","Asu Mare","N/A","FBM","Movies & TV",354622,"N/A",39.99,"N/A",0,0,0,1,5,"leslie66",1,1,-67,"Large Standard-Size",5.5,1,9.5,0.04,"N/A","N/A","10/01/2021",54,1,0,0
"https://amazon.com/dp/B082VMNHJX","B082VMNHJX","Adventure Time: The Complete Collection (12 Discs)","N/A","FBM","Movies & TV",80023,"N/A",249.9,53,7,71,1749.3,114,4.6,"Smokecds",1,316,7,"Large Standard-Size",5.3,6.8,1.2,0.85113,"N/A","N/A","04/01/2022",39,2,0,0.06
"https://amazon.com/dp/B002D32JZG","B002D32JZG","One Hundred Steps [Region 2]","N/A","FBM","Movies & TV",521631,"N/A",32.98,"N/A",0,0,0,32,3.9,"DaaVeeDee",1,"N/A","N/A","Small Standard-Size",5.3149606299213,0.5511811023622,7.4803149606299,0.15859030837004,"N/A","N/A","03/01/2021",61,1,0,0
"https://amazon.com/dp/B07ZWK93CY","B07ZWK93CY","Red Letter Day (Blu-ray - U.S. version - region free)","MUSIC VIDEO DIST","FBM","Movies & TV",306013,"N/A",21.89,-3,0,0,0,4,4.4,"bull_moose",3,"N/A","N/A","Small Standard-Size",5.3543307086614,6.6929133858268,0.5511811023622,0.15435,"N/A","N/A","03/01/2021",41,5,0,0
"https://amazon.com/dp/B077XXNWBK","B077XXNWBK","Flatliners","N/A","FBM","Movies & TV",430610,"N/A",25.98,"N/A",0,0,0,130,4.2,"LV'S",1,"N/A","N/A","Small Standard-Size",5.3543307086614,7.4803149606299,0.62992125984252,0.1323,"N/A","N/A","04/01/2021",60,1,0,0
"https://amazon.com/dp/B000ALBO5O","B000ALBO5O","Rapa Nui","N/A","FBA","Movies & TV",93711,"N/A",29,"N/A",2,0,58,642,4.5,"DaaVeeDee",1,3,-50,"Small Standard-Size",5.4173228346457,0.58267716535433,7.0984251968504,0.1833345458634,8.94705441641859,31.120189274499445,"08/01/2021",144,1,0,0
"https://amazon.com/dp/B001HUWQ8G","B001HUWQ8G","The Official Review of the 2008 FIA Formula One Championship","Kulter","FBM","Movies & TV",251181,"N/A",18,-3,0,0,0,34,4.3,"SPEEDGEAR Authentic Racewear",1,10,900,"Small Standard-Size",5.4173228346457,0.58267716535433,7.0984251968504,0.1831718061674,"N/A","N/A","11/01/2022",144,2,0,0
"https://amazon.com/dp/B073LZ7NV9","B073LZ7NV9","The Windsors - Series 1-2 + Christmas Special [DVD]","N/A","FBM","Movies & TV",295241,"N/A",75.98,"N/A",0,0,0,68,4.4,"Gagazet Media",1,"N/A","N/A","Small Standard-Size",5.4330708661417,7.7165354330709,0.70866141732283,0.2205,"N/A","N/A","03/01/2021",59,5,0,0
"https://amazon.com/dp/B000HEZ7IO","B000HEZ7IO","Love Thy Neighbour [Region 2]","Studiocanal","FBM","Movies & TV",548064,"N/A",10.84,-7,0,0,0,434,4.7,"RAREWAVES-IMPORTS",5,"N/A","N/A","Small Standard-Size",5.3937007874016,7.5196850393701,0.66929133858268,0.19845,"N/A","N/A","03/01/2021",57,1,0,0
"https://amazon.com/dp/B07GVSKJR8","B07GVSKJR8","Mighty Dino Gorilla Family Adventure DVD Bundle Disney Mighty Joe Young & Walking with Dinosaurs Double Feature","N/A","FBM","Movies & TV",437890,"N/A",33.01,"N/A",0,0,0,"N/A","N/A","Emma*s DVD Emporium",1,"N/A","N/A","Large Standard-Size",5.3937007874016,7.5590551181102,1.1023622047244,0.288855,"N/A","N/A","11/01/2021",55,1,0,"N/A"
"https://amazon.com/dp/B00GGZ78T4","B00GGZ78T4","The Firm: Ultimate Fat Burning Workout","N/A","FBM","Movies & TV",139817,"N/A",13.91,8,2,0,27.82,175,4.4,"royparks9230",1,2,"N/A","Small Standard-Size",5.4,0.7,7.5,0.1,"N/A","N/A","03/01/2021",69,1,0,0.01
"https://amazon.com/dp/B002R6IIO0","B002R6IIO0","BLACK FIST","TUTM","FBM","Movies & TV",488456,"N/A",7,14,0,0,0,8,4.5,"CD's and Books",8,"N/A","N/A","Small Standard-Size",5.4173228346457,0.58267716535433,7.0984251968504,0.1831718061674,"N/A","N/A","03/01/2021",87,1,0,0
"https://amazon.com/dp/B000Y01XIY","B000Y01XIY","Intermediate Bass Learn Bluegrass by Ear","Murphy Method","FBA","Movies & TV",437569,"N/A",39.99,"N/A",0,0,0,1,5,"HARVEST MOUSE, LLC",4,"N/A","N/A","Small Standard-Size",5.4173228346457,0.58267716535433,7.0984251968504,0.1831718061674,8.94705441641859,31.120189274499445,"03/01/2021",118,1,0,0
"https://amazon.com/dp/B01I06CRDI","B01I06CRDI","Frasier: Complete Fifth Season (4pc) (Full) [DVD] [1994] [Region 1] [US Import] [NTSC]","N/A","FBM","Movies & TV",440468,"N/A",29.99,10,0,0,0,1797,4.9,"gcraft",2,"N/A","N/A","N/A","N/A","N/A","N/A","N/A","N/A","N/A","02/01/2022",32,1,0,0
"https://amazon.com/dp/B01GWCDJK2","B01GWCDJK2","Take Ten: 10-Minute Leadership Lessons for Teams, Volume 2 by Bill Hybels","N/A","FBM","Movies & TV",518579,"N/A",18.94,15,0,0,0,102,4.8,"da_grandma",5,"N/A","N/A","N/A","N/A","N/A","N/A","N/A","N/A","N/A","03/01/2021",42,1,0,0
"https://amazon.com/dp/B08STYLBPM","B08STYLBPM","Beethoven's Last Laugh","Bayview Films","Amazon","Movies & TV",515887,"N/A",10.99,"N/A",0,0,0,1,1,"Amazon",6,"N/A","N/A","Small Standard-Size",5.3149606299213,7.4803149606299,0.5511811023622,0.15435,"N/A","N/A","03/01/2021",26,1,0,0
"https://amazon.com/dp/B075FX1M96","B075FX1M96","Girls Gone Wild: Dormroom Fantasies 4","N/A","-","Movies & TV",442086,"N/A",88,3,0,0,0,1,1,,1,2,0,"N/A","N/A","N/A","N/A","N/A","N/A","N/A","07/01/2022",44,1,0,0
"https://amazon.com/dp/B0000BZNJL","B0000BZNJL","Koi Mil Gaya","N/A","FBA","Movies & TV",61260,"N/A",40.75,7,1,-50,40.75,88,4.5,"BE_UNIQ",1,9,13,"Small Standard-Size",5.4173228346457,0.58267716535433,7.0984251968504,0.1831718061674,8.94705441641859,31.120189274499445,"03/01/2021",144,1,0,0.01
"https://amazon.com/dp/B0006U3UBA","B0006U3UBA","Jazz Legends Live!, Vol. 5","QUANTUM LEAP","Amazon","Movies & TV",427985,"N/A",7.95,"N/A",0,0,0,2,5,"Amazon",1,"N/A","N/A","Small Standard-Size",5.4173228346457,0.58267716535433,7.0984251968504,0.1831718061674,"N/A","N/A","-",66,1,0,0
"https://amazon.com/dp/B01M7WZRUJ","B01M7WZRUJ","Baa Baa Black Sheep - Volume 1","N/A","FBA","Movies & TV",199981,"N/A",24.95,"N/A",1,50,24.95,532,4.7,"amazingwildcat",3,8,300,"Large Standard-Size",5.4,7.5,1.3,0.350595,21.0234375,73.125,"12/01/2022",60,1,0,0
"https://amazon.com/dp/B00133KFJY","B00133KFJY","Silver Man","LEVY,EUGENE","FBM","Movies & TV",414808,"N/A",8.98,-34,0,0,0,4,3,"East To West Movies (1 Day Processing)",2,"N/A","N/A","Small Standard-Size",5.4173228346457,0.58267716535433,7.0984251968504,0.1831718061674,"N/A","N/A","03/01/2021",143,1,0,0
"https://amazon.com/dp/B00UGPDFQA","B00UGPDFQA","The Frisco Kid by Warner Home Video","N/A","FBA","Movies & TV",164273,"N/A",24.85,106,1,-40,25.55,2201,4.7,"Lennie's Corner Store",3,31,182,"Small Standard-Size",5.35,7.48,0.55,0.07056,8.788675347222222,30.56930555555555,"12/01/2021",76,1,0,0
"https://amazon.com/dp/B01F5YS45S","B01F5YS45S","The Master of Suspense Alfred Hitchcock (3-DVD Set): The 39 Steps, The Man Who Knew Too Much, Rich & Strange [DVD]","Unknown","FBM","Movies & TV",416302,"N/A",179,120,0,0,0,2,3.6,"GSB co",1,"N/A","N/A","Large Standard-Size",5.511811023622,7.7165354330709,1.8897637795276,0.7056,"N/A","N/A","-",62,1,0,0
"https://amazon.com/dp/B01GWBTGFA","B01GWBTGFA","Rear Window by Christopher Reeve","N/A","FBM","Movies & TV",210480,"N/A",19.95,"N/A",0,0,0,157,4.6,"vegas2014",1,13,1200,"Small Standard-Size",5.5,0.5,7.5,0.25,"N/A","N/A","11/01/2022",52,1,0,0
"https://amazon.com/dp/B08JJ6B7MG","B08JJ6B7MG","Loves Spell [Blu-ray]","N/A","FBM","Movies & TV",479800,"N/A",14.05,-1,0,0,0,40,4.5,"MovieMars",9,"N/A","N/A","Small Standard-Size",5.5,0.5,6.75,0.22,"N/A","N/A","03/01/2021",29,1,0,0
"https://amazon.com/dp/B01M8PMSC8","B01M8PMSC8","Mary Poppins (Two-Disc 45th Anniversary Special Edition)","N/A","FBM","Movies & TV",162076,"N/A",24.95,-18,0,-125,0,1231,4.8,"GREAT BUYS ONLINE",4,5,-93,"Small Standard-Size",5.4173228346457,7.0984251968504,0.58267716535433,0.183015,"N/A","N/A","03/01/2021",58,1,0,0
"https://amazon.com/dp/B09V383ZDZ","B09V383ZDZ","Mushroom Rain","N/A","FBM","Movies & TV",311123,"N/A",16.01,-10,0,0,0,"N/A","N/A","Green Orbit",1,3,"N/A","N/A","N/A","N/A","N/A","N/A","N/A","N/A","03/01/2022",13,1,0,"N/A"
"https://amazon.com/dp/B001VCE4YY","B001VCE4YY","Silverhawks-Edition 4 DVD-Partie 3","N/A","FBM","Movies & TV",549088,"N/A",50.99,-5,0,0,0,5,4.4,"Prestivo",0,"N/A","N/A","Large Standard-Size",5.4330708661417,2.3622047244094,7.6377952755906,0.84,"N/A","N/A","-",61,1,0,0
"https://amazon.com/dp/B01GWDY8BU","B01GWDY8BU","Thomas And Friends - The Birthday Express [DVD]","N/A","FBM","Movies & TV",558965,"N/A",28.97,"N/A",0,,0,54,4.4,"Uncle Richard Records",1,"N/A","N/A","N/A","N/A","N/A","N/A","N/A","N/A","N/A","-",639,1,0,0
"https://amazon.com/dp/B004FUYSU4","B004FUYSU4","NFL Oakland Raiders Best Games of 2010 Season","Warner Manufacturing","FBA","Movies & TV",119881,"N/A",15,"N/A",3,0,45,43,4.3,"ULTIMATE BEST OF BEST",1,18,-51,"Small Standard-Size",7.4,0.6,5.3,0.35,9.396458333333333,32.68333333333333,"03/01/2021",144,2,0,0.07
"https://amazon.com/dp/B0000ALPHX","B0000ALPHX","Seraphin: Un Homme Et Son Peche","Msi Music/Super D","FBM","Movies & TV",483015,"N/A",62.05,"N/A",0,0,0,38,4.2,"Dmin Music & Books",1,"N/A","N/A","Small Standard-Size",5.4173228346457,0.58267716535433,7.0984251968504,0.1831718061674,"N/A","N/A","05/01/2021",78,1,0,0
"https://amazon.com/dp/B00007CVRD","B00007CVRD","Michael Ball - Live at the Royal Albert Hall","Hip-O Records","FBA","Movies & TV",172379,"Vocal Pop",77.99,-3,0,0,0,67,4.3,"RapidPrimePros",1,8,-72,"Small Standard-Size",5.0984251968504,0.59842519685039,7.4015748031496,0.24977973568282,9.017276947502225,31.364441556529478,"07/01/2021",89,1,0,0
"https://amazon.com/dp/B0000558N7","B0000558N7","Mandy Moore - The Real Story","Sony","FBM","Movies & TV",153766,"Dance Pop",12,-54,1,-50,12,25,4.1,"lantabama92nc",1,10,400,"Small Standard-Size",5.3,0.6,7.5,0.25,"N/A","N/A","06/01/2022",142,2,0,0.04
"https://amazon.com/dp/0692467912",0692467912,"ThuleTuvalu","HesseGreutert Film","FBM","Movies & TV",320829,"N/A",6,"N/A",0,0,0,6,4.3,"AceBook",1,"N/A","N/A","Small Standard-Size",5.4173228346457,7.0984251968504,0.58267716535433,0.1833678,"N/A","N/A","08/01/2021",62,2,0,0
"https://amazon.com/dp/B003EV5NGI","B003EV5NGI","The Red Violin [Blu-ray]","N/A","FBA","Movies & TV",21270,"N/A",18.98,-1,14,0,0,2356,4.8,"Outlet Promotions",1,84,-66,"Small Standard-Size",5.4173228346457,7.0984251968504,0.58267716535433,0.1833678,8.94705441641859,31.120189274499445,"05/01/2021",116,1,0,0.01
"https://amazon.com/dp/B004UKLUG4","B004UKLUG4","Cold Prey 3 [Blu-ray]","N/A","FBM","Movies & TV",269408,"N/A",23.21,-65,0,0,0,100,4.2,"M + L",1,2,0,"Small Standard-Size",5.4173228346457,0.58267716535433,7.0984251968504,0.1831718061674,"N/A","N/A","09/01/2022",82,1,0,0
"https://amazon.com/dp/B0036EH40G","B0036EH40G","Sonic Underground: Band on the Run","NCircle Entertainment","FBA","Movies & TV",48055,"N/A",11.95,-61,0,0,0,9,4.3,"BNA Deals",2,2,-80,"Small Standard-Size",5.4173228346457,7.0984251968504,0.58267716535433,0.1833678,8.94705441641859,31.120189274499445,"05/01/2021",121,1,0,0
"https://amazon.com/dp/B004ZEDJP0","B004ZEDJP0","The Art of Piano","Kulter","Amazon","Movies & TV",156681,"N/A",16.93,"N/A",0,0,0,14,4.8,"Amazon",1,13,-59,"Small Standard-Size",5.4173228346457,7.0984251968504,0.58267716535433,0.1833678,"N/A","N/A","06/01/2021",140,2,0,0
"https://amazon.com/dp/B00003BDZ4","B00003BDZ4","Shania Twain - Live","Universal Music","FBA","Movies & TV",51835,"Adult Contemporary",39.99,20,5,-95,199.95,169,4.5,"cinemaplus",1,152,45,"Small Standard-Size",5.2992125984252,0.59842519685039,7.4015748031496,0.19982378854626,9.372397506824699,32.599643501998955,"09/01/2022",144,1,0,0.03
"https://amazon.com/dp/B00GOYC3N8","B00GOYC3N8","Hindenburg: The Last Flight: Season 1","ANCHOR BAY","FBM","Movies & TV",131070,"N/A",9.96,"N/A",2,0,19.92,85,4.3,"WonderBook",1,33,-62,"Small Standard-Size",5.3,0.6,7.5,0.022046001186075,"N/A","N/A","05/01/2021",111,1,0,0.02
"https://amazon.com/dp/B000G7P854","B000G7P854","Delbert McClinton: Live From Austin TX","RED Distribution","FBM","Movies & TV",68230,"N/A",32.04,-16,1,-83,31.68,34,4.4,"MovieMars",1,24,41,"Small Standard-Size",5.4173228346457,0.58267716535433,7.0984251968504,0.1831718061674,"N/A","N/A","06/01/2022",83,2,0,0.03
"https://amazon.com/dp/B001JP651S","B001JP651S","3 Classic Episodes of the Lawrence Welk Show","N/A","FBM","Movies & TV",186438,"N/A",9.98,"N/A",0,0,0,124,4.3,"King Video Inc",1,4,-64,"Small Standard-Size",5.4,0.6,7.5,0.2,"N/A","N/A","04/01/2021",140,1,0,0
"https://amazon.com/dp/B00ELTS4OU","B00ELTS4OU","Toast","N/A","FBM","Movies & TV",357702,"N/A",37.67,7,0,0,0,74,4.6,"Prestivo",1,"N/A","N/A","Small Standard-Size",5.4173228346457,0.58267716535433,7.0984251968504,0.1833345458634,"N/A","N/A","02/01/2022",75,2,0,0
"https://amazon.com/dp/B01INNMZ80","B01INNMZ80","American Guinea Pig: Bloodshock Blu-ray/DVD/CD","N/A","Amazon","Movies & TV",204760,"N/A",60,84,0,0,0,68,4,"Amazon",1,8,-11,"Small Standard-Size",5.4173228346457,7.0984251968504,0.58267716535433,0.1833678,"N/A","N/A","10/01/2022",77,1,0,0
"https://amazon.com/dp/B00022XDRI","B00022XDRI","Decoy: Police Woman, Volume 1","TV-Series","Amazon","Movies & TV",155212,"N/A",6.98,-4,1,0,6.98,9,4,"Amazon",1,1,-75,"Small Standard-Size",5.3543307086614,7.4409448818898,0.59055118110236,0.2646,"N/A","N/A","02/01/2022",144,2,0,0.11
"https://amazon.com/dp/B00009AVA6","B00009AVA6","Party Girl [DVD]","N/A","FBM","Movies & TV",87230,"N/A",9.98,-16,3,600,0,327,4.6,"amoebamusichollywood",1,14,-33,"Small Standard-Size",5.4173228346457,0.58267716535433,7.0984251968504,0.1831718061674,"N/A","N/A","05/01/2021",143,1,0,0.01
"https://amazon.com/dp/B01FR367KG","B01FR367KG","Deadpool DVD | NON-USA Format | Region 4 Import - Australia","N/A","FBM","Movies & TV",511554,"N/A",13.74,1,0,0,0,27,4.8,"OZeShopping",1,"N/A","N/A","Small Standard-Size",5.3543307086614,7.4015748031496,0.5511811023622,0.0441,"N/A","N/A","-",80,1,0,0
"https://amazon.com/dp/B00411RWZK","B00411RWZK","Admiral - Warrior. Hero. Legend.","N/A","FBM","Movies & TV",531245,"N/A",13.98,5,0,0,0,48,4.4,"MovieMars",6,"N/A","N/A","Small Standard-Size",5.3937007874016,6.7322834645669,0.43307086614173,0.1764,"N/A","N/A","03/01/2021",57,9,0,0
"https://amazon.com/dp/B00005QIY5","B00005QIY5","Annaluise & Anton","N/A","FBM","Movies & TV",376292,"N/A",3.4,11,0,0,0,159,4.7,"momox Shop",1,"N/A","N/A","Small Standard-Size",5.4173228346457,7.0984251968504,0.58267716535433,0.1831718061674,"N/A","N/A","02/01/2022",58,1,0,0
"https://amazon.com/dp/B001KZAP2C","B001KZAP2C","High Dynamic Range: Photography Made Easy","N/A","FBM","Movies & TV",413599,"N/A",25.5,"N/A",0,0,0,16,3.6,"santa clara books",3,"N/A","N/A","Small Standard-Size",5.4173228346457,0.58267716535433,7.0984251968504,0.1831718061674,"N/A","N/A","03/01/2021",77,1,0,0
"https://amazon.com/dp/B003MRMDV2","B003MRMDV2","Rain Man / Midnight Cowboy Double Feature Dvd Set","N/A","FBA","Movies & TV",235050,"N/A",28.99,-2,2,0,57.98,1221,4.6,"vegas2014",1,5,67,"Small Standard-Size",5.4173228346457,0.58267716535433,7.0984251968504,0.1831718061674,8.94705441641859,31.120189274499445,"09/01/2021",61,1,0,0
"https://amazon.com/dp/B00HSEQ5VE","B00HSEQ5VE","Large Beginner Tap Dance Package","N/A","-","Movies & TV",531120,"N/A",159.99,"N/A",0,0,0,0,"N/A",,1,"N/A","N/A","N/A","N/A","N/A","N/A","N/A","N/A","N/A","03/01/2021",57,2,0,"N/A"
"https://amazon.com/dp/B003AYBM4G","B003AYBM4G","Yoga for Seniors with Jane Adams:  Improve balance, strength and flexibility with Gentle Senior Yoga","N/A","FBM","Movies & TV",67009,"N/A",9.43,-88,3,-100,28.92,178,4.2,"TheBookPurveyors",1,9,-47,"Small Standard-Size",5.4,0.7,7.5,0.25,"N/A","N/A","03/01/2021",77,9,0,0.02
"https://amazon.com/dp/B0007KIFSM","B0007KIFSM","As Told By Ginger: Far From Home [DVD]","N/A","FBM","Movies & TV",133023,"N/A",28.75,3,2,0,57.5,59,4.5,"DEALZ4YOU247",1,18,-67,"Small Standard-Size",5.4173228346457,0.58267716535433,7.0984251968504,0.1831718061674,"N/A","N/A","04/01/2021",144,1,0,0.03
"https://amazon.com/dp/B010S0670S","B010S0670S","Support Your Local Sheriff","KINO INTERNATIONAL","Amazon","Movies & TV",40101,"N/A",19.95,110,19,-82,0,3061,4.8,"Amazon",1,671,37,"Small Standard-Size",5.31,7.52,0.55,0.14994,"N/A","N/A","12/01/2022",91,1,0,0.01
"https://amazon.com/dp/B00125WATQ","B00125WATQ","Inside (Unrated)","WELLSPRING/GENIUS","FBA","Movies & TV",85484,"N/A",29.82,4,6,0,178.92,738,4.5,"muboutletstore",1,65,-47,"Small Standard-Size",5.4,0.7,7.5,0.2,11.320312499999996,39.37499999999999,"08/01/2021",144,1,0,0.01
"https://amazon.com/dp/B001CR49AM","B001CR49AM","Healing Words: Poetry and Medicine","PBS","FBM","Movies & TV",254809,"N/A",11,40,0,0,0,11,3.8,"TTPDC",1,2,-50,"Small Standard-Size",5.4173228346457,7.0984251968504,0.58267716535433,0.1833678,"N/A","N/A","09/01/2021",144,1,0,0
"https://amazon.com/dp/B00005YUOH","B00005YUOH","The Adventures of Mini-Goddess - The Belldandy Files (Vol. 2)","Geneon [Pioneer]","FBM","Movies & TV",253453,"N/A",8.34,-42,0,-125,0,13,4.8,"Denver Books and Gifts",1,4,-43,"Small Standard-Size",5.4173228346457,0.58267716535433,7.0984251968504,0.1831718061674,"N/A","N/A","07/01/2021",98,1,0,0
"https://amazon.com/dp/B00BG474VM","B00BG474VM","Come Out and Play","CINEDIGM","FBM","Movies & TV",248838,"N/A",28.98,"N/A",0,0,0,112,3.8,"Service First Media",1,1,-50,"Small Standard-Size",5.4173228346457,0.58267716535433,7.0984251968504,0.1833345458634,"N/A","N/A","10/01/2021",118,4,0,0
"https://amazon.com/dp/0987105124",0987105124,"Tai Chi Chen Style 56 Forms By Dr. Paul Lam","N/A","FBM","Movies & TV",198837,"N/A",48.95,8,2,0,97.9,19,4.3,"Insight Publishing",1,9,0,"Small Standard-Size",7.5,0.6,5.3,0.15,"N/A","N/A","05/01/2021",80,1,0,0.11
"https://amazon.com/dp/B00CCI2CQI","B00CCI2CQI","Night Across the Street","N/A","Amazon","Movies & TV",142925,"N/A",29.95,22,3,0,89.85,9,3.7,"Amazon",2,3,-63,"Small Standard-Size",5.4173228346457,0.58267716535433,7.0984251968504,0.1833345458634,"N/A","N/A","09/01/2021",116,1,0,0.33
"https://amazon.com/dp/B005BUA1H6","B005BUA1H6","Transformers Beast Wars: Seasons 2 & 3","SHOUT! FACTORY","FBA","Movies & TV",62646,"N/A",53.55,-30,2,-136,0,625,4.9,"Outlet Promotions",2,182,-47,"Small Standard-Size",5.3,7.5,0.6,0.399105,9.523437499999998,33.12499999999999,"03/01/2021",140,2,0,0
"https://amazon.com/dp/B001TOWIX8","B001TOWIX8","Alaska Video Documentary - Alaska's Amazing Calving Glaciers Movie - Educational Film for Kids and Adults","Kelly & Fair International Marketing, Inc.","FBM","Movies & TV",249659,"N/A",19.99,"N/A",0,0,0,36,4.3,"O-BOOKS",1,7,133,"Small Standard-Size",5.4173228346457,7.0984251968504,0.58267716535433,0.1833678,"N/A","N/A","06/01/2022",144,1,0,0
"https://amazon.com/dp/B00009W0UD","B00009W0UD","WWE: Brock Lesnar - Here Comes the Pain!","WWE","FBA","Movies & TV",159809,"N/A",29,27,1,-100,29,180,4.7,"RapidPrimePros",1,6,-67,"Small Standard-Size",5.4015748031496,0.5,7.4015748031496,0.19982378854626,7.982149992077747,27.76399997244434,"02/01/2022",144,1,0,0.01
"https://amazon.com/dp/B089HXV7L3","B089HXV7L3","Leto","N/A","FBM","Movies & TV",23844,"N/A",23.48,-7,1,-80,23.92,3,5,"Deep_Discount_Entertainment",1,11,120,"Small Standard-Size",5.3543307086614,7.5590551181102,0.66929133858268,0.160965,"N/A","N/A","08/01/2022",33,1,0,0.33
"https://amazon.com/dp/B092L46D1N","B092L46D1N","Defiance","N/A","FBA","Movies & TV",58491,"N/A",13.99,"N/A",0,,0,4585,4.7,"MomsDVDShop",1,"N/A","N/A","Large Standard-Size",5.4,0.5,6.8,2.4,7.331249999999998,25.499999999999996,"-",639,1,0,0
"https://amazon.com/dp/B013TFJ4SQ","B013TFJ4SQ","Walt Before Mickey","Sony","FBM","Movies & TV",113150,"N/A",41.04,-2,2,100,71.92,2525,4,"da_grandma",1,14,-80,"Small Standard-Size",5.4173228346457,7.0984251968504,0.58267716535433,0.1833678,"N/A","N/A","05/01/2021",89,1,0,0
"https://amazon.com/dp/B00005RIYB","B00005RIYB","Saint Tail - Spring Love, Vol. 3 [DVD]","N/A","FBM","Movies & TV",170312,"N/A",20,"N/A",1,-60,20,12,4.6,"Just 4 Games Inc",1,10,100,"Small Standard-Size",5.4173228346457,0.58267716535433,7.0984251968504,0.1831718061674,"N/A","N/A","07/01/2021",144,1,0,0.08
"https://amazon.com/dp/6305014140",6305014140,"Ninja Scroll [DVD]","Manga Video","FBA","Movies & TV",19784,"N/A",60.32,"N/A",7,0,0,3407,4.8,"cinemaplus",1,315,8,"Small Standard-Size",5.3937007874016,7.5590551181102,0.5511811023622,0.25578,8.973338156649987,31.211610979652132,"10/01/2022",144,1,0,0
"https://amazon.com/dp/B00UGPF65I","B00UGPF65I","Yeelen by Kino Video","N/A","FBM","Movies & TV",549946,"N/A",96.37,"N/A",0,0,0,0,"N/A","rare_cinema",1,"N/A","N/A","N/A","N/A","N/A","N/A","N/A","N/A","N/A","03/01/2021",69,1,0,"N/A"
"https://amazon.com/dp/B01HWSLVBO","B01HWSLVBO","Irma Dulce (Vicente Amorim) (2014) - Bianca Comparato/Regina Braga/Irene Ravache . .","N/A","-","Movies & TV",408255,"N/A",28,"N/A",0,0,0,13,4.5,,1,"N/A","N/A","Small Standard-Size",5.1968503937008,7.3228346456693,0.39370078740157,0.1764,"N/A","N/A","03/01/2021",45,1,0,0
"https://amazon.com/dp/B01GEIS418","B01GEIS418","CAROL / DVD","N/A","FBM","Movies & TV",523594,"N/A",24.99,36,0,0,0,4484,4.6,"MegaMovieBazar",1,"N/A","N/A","Small Standard-Size",5.4173228346457,7.0984251968504,0.58267716535433,0.1833678,"N/A","N/A","03/01/2021",72,2,0,0
"https://amazon.com/dp/B002RD55N0","B002RD55N0","Pandorum (Blu-ray)","N/A","FBA","Movies & TV",135368,"N/A",29.73,-20,0,300,0,3391,4.4,"GTB Outfitters",1,92,608,"Small Standard-Size",5.4173228346457,7.0984251968504,0.58267716535433,0.1833678,8.94705441641859,31.120189274499445,"10/01/2022",82,1,0,0
"https://amazon.com/dp/B07NRLKDQ3","B07NRLKDQ3","Levinas: La Passion selon Marc - Une Passion apres Auschwitz (World premiere)","Bel Air Classiques","Amazon","Movies & TV",380797,"N/A",5.49,-23,0,0,0,3,4.2,"Amazon",6,"N/A","N/A","Small Standard-Size",5.3543307086614,7.4803149606299,0.59055118110236,0.23373,"N/A","N/A","03/01/2021",48,3,0,0
"https://amazon.com/dp/B06XNK284K","B06XNK284K","Cinderella's Hot Night","Retro Media","FBM","Movies & TV",183934,"N/A",49.95,"N/A",0,0,0,59,3.3,"Huber Music & Video",1,"N/A","N/A","Small Standard-Size",5.3149606299213,7.5196850393701,0.59055118110236,0.14994,"N/A","N/A","03/01/2021",71,1,0,0
"https://amazon.com/dp/B00049QQLE","B00049QQLE","Sara Ivanhoe's 20 Min Yoga Makeover - Sculpted Buns & Thighs [DVD]","N/A","FBM","Movies & TV",194765,"N/A",5,-61,1,0,5,20,3.3,"chanlee3002",1,3,-50,"Small Standard-Size",5.4173228346457,0.58267716535433,7.0984251968504,0.1831718061674,"N/A","N/A","02/01/2022",144,1,0,0.05
"https://amazon.com/dp/B007VZYNQY","B007VZYNQY","The Wrath Of Grapes: The Don Cherry Story 2","N/A","FBA","Movies & TV",125864,"N/A",19.98,"N/A",0,0,0,57,4.8,"Outlet Promotions",1,34,-59,"Small Standard-Size",5.4173228346457,0.58267716535433,7.0984251968504,0.1831718061674,8.94705441641859,31.120189274499445,"06/01/2021",87,1,0,0
"https://amazon.com/dp/B005OA6XQG","B005OA6XQG","CSI: Miami (Season 5)","N/A","FBA","Movies & TV",262352,"N/A",21.18,"N/A",0,0,0,448,4.8,"Outlet Promotions",1,"N/A","N/A","Small Standard-Size",5.4173228346457,7.0984251968504,0.58267716535433,0.1833678,8.94705441641859,31.120189274499445,"05/01/2021",81,1,0,0
"https://amazon.com/dp/B00005NOP4","B00005NOP4","Deathstalker","New Concorde","FBA","Movies & TV",81997,"N/A",10.99,"N/A",6,171,65.94,202,3.8,"muboutletstore",1,15,"N/A","Small Standard-Size",5.0984251968504,0.59842519685039,7.4015748031496,0.19982378854626,9.017276947502225,31.364441556529478,"12/01/2022",143,1,0,0.03
"https://amazon.com/dp/B0006A9INY","B0006A9INY","A Son's Promise","Echo Bridge Home Entertainment","FBM","Movies & TV",142836,"N/A",49.99,-3,1,0,49.99,63,4.5,"Trendy Farmhouse",1,8,-62,"Small Standard-Size",5.4173228346457,0.58267716535433,7.0984251968504,0.1831718061674,"N/A","N/A","05/01/2021",144,1,0,0.02
"https://amazon.com/dp/B00BL1BFT2","B00BL1BFT2","Boardwalk Empire - Season 1-4 [Blu-ray] [Region Free]","Warner Home Video","FBM","Movies & TV",356803,"N/A",69.98,"N/A",0,0,0,149,4.5,"Shopville USA",1,"N/A","N/A","Large Standard-Size",5.4330708661417,2.4409448818898,6.8503937007874,1.4109440759088,"N/A","N/A","03/01/2021",72,2,0,0
"https://amazon.com/dp/B00FMX26V6","B00FMX26V6","Toopy and Binoo - Monster School (Dvd)","N/A","FBM","Movies & TV",334141,"N/A",7.97,"N/A",0,0,0,15,4.1,"chanlee3002",1,"N/A","N/A","Small Standard-Size",5.4173228346457,0.58267716535433,7.0984251968504,0.1833345458634,"N/A","N/A","03/01/2021",72,1,0,0
"https://amazon.com/dp/B0007PAMR4","B0007PAMR4","Dune","Universal Studios Home Entertainment","FBA","Movies & TV",34988,"N/A",62.45,-48,9,-44,346.5,16285,4.5,"WLF",1,101,-64,"Small Standard-Size",5.3,0.6,7.5,0.4,9.523437499999998,33.12499999999999,"06/01/2021",94,1,0,0